"term","estimate","std.error","statistic","df","p.value","lcl","ucl"
"(Intercept)",3.12861609919865,0.257383771416619,12.1554520783459,166.193556602065,0,2.62414390722208,3.63308829117522
"riskofcontamination10",0.256165013452424,0.162645244025387,1.57499233984635,171.143698357952,0.117104956045444,-0.0626196648373341,0.574949691742183
"watersourcetype23",1.61180078468681,0.701367686334199,2.29808246956903,172.779914103392,0.0227553628200146,0.23712011947178,2.98648144990184
"watersourcetype25",4.4848733577023,1.02038565015875,4.39527286276961,172.9225518797,0.0000192600259638631,2.48491748339114,6.48482923201345
"x4_4_feecollectionsystem1",-0.598817572848254,0.272805311028822,-2.19503634511349,163.250713318847,0.0295726284103663,-1.13351598246474,-0.0641191632317637
"x4_19_personrepair1",-0.941297523027245,0.261046273781751,-3.60586462082282,166.498639454371,0.000410839043200273,-1.45294821963948,-0.429646826415013
