"term","estimate","std.error","statistic","df","p.value","lcl","ucl"
"(Intercept)",2.75324521558145,0.209478513611297,13.1433299201764,169.343068105805,0,2.34266732890331,3.16382310225959
"riskofcontamination10",0.194714921767849,0.16030375206852,1.21466228491408,169.099097065959,0.226188358428364,-0.11948043228645,0.508910275822148
"watersourcetype23",1.05358425678197,0.704863238581609,1.49473571483468,171.742117006172,0.136818566176397,-0.327947690837982,2.43511620440193
"watersourcetype25",3.7721944577197,1.01676119560005,3.71001025023728,171.885566396286,0.000279557735173075,1.7793425143436,5.76504640109579
"x2_1_responsible8",1.46757062109396,0.437963871860642,3.35089425266779,171.860636189248,0.000990368054605728,0.609161432247099,2.32597980994082
"x4_3_a_authorizedlist1",-0.42502810422669,0.260402588076292,-1.63219615967168,165.658765675761,0.104537603202685,-0.935417176856223,0.0853609684028425
"x4_19_personrepair1",-0.907787900431256,0.25387178314164,-3.57577312924447,168.521294241716,0.00045587418063886,-1.40537659538887,-0.410199205473641
