"term","estimate","std.error","statistic","df","p.value","lcl","ucl"
"(Intercept)",2.7373382866204,0.21316499714257,12.8414060625047,154.252519744744,0,2.31953489222096,3.15514168101984
"riskofcontamination10",0.204830615535494,0.159932336361345,1.28073296617582,171.198073653623,0.202019820581682,-0.108636763732742,0.51829799480373
"watersourcetype23",1.05158842486716,0.706384048642059,1.48869220205173,171.901188873501,0.13840069875191,-0.332924310471273,2.4361011602056
"watersourcetype25",3.77590691109817,1.01956134336971,3.70346221505278,171.928530391946,0.000286304557319816,1.77756667809354,5.77424714410279
"x2_1_responsible8",1.46204623296383,0.439931620769677,3.32334882045061,171.800464077577,0.00108698779970173,0.599780256255266,2.3243122096724
"x4_3_a_authorizedlist1",-0.450495347276541,0.260707610095776,-1.72797160432349,167.77787523022,0.0858332725839703,-0.961482263064262,0.0604915685111798
"x4_19_personrepair1",-0.860578833857728,0.26032697168024,-3.30576132124634,142.394564873394,0.00119870840299763,-1.370819698351,-0.350337969364457
