"term","estimate","std.error","statistic","df","p.value","lcl","ucl"
"(Intercept)",2.98542307701313,0.267482612309068,11.1611855860132,129.10601981119,0,2.46115715688736,3.5096889971389
"riskofcontamination10",0.224801467207827,0.159821479792025,1.4065785619077,170.833950647667,0.161368895225653,-0.0884486331845418,0.538051567600196
"watersourcetype23",1.66176849267288,0.715900241371298,2.32122912752451,130.99919841606,0.0218185573249747,0.25860401958514,3.06493296576063
"watersourcetype25",4.33176608629141,1.12932960107383,3.83569693220875,57.938244943721,0.000311466394746329,2.11828006818671,6.54525210439611
"x3_1_d_primaryuse3",2.44124980542306,1.18389828576823,2.06204353428803,16.3417316248731,0.055476900488544,0.120809165317325,4.7616904455288
"x4_4_feecollectionsystem1",-0.514595903244058,0.276289746027041,-1.86252262577162,130.394773357632,0.0647798769607379,-1.05612380545706,0.0269319989689423
"x4_19_personrepair1",-0.870852567084905,0.258247676866578,-3.37216031389442,156.073645789287,0.000940397732868359,-1.3770180137434,-0.364687120426412
