"term","estimate","std.error","statistic","df","p.value","RR","RR_lcl","RR_ucl"
"(Intercept)",-0.0993925491620998,0.0353384043746551,-2.81259301094491,7.98136824335494,0.0228046917055074,0.905387229258446,0.844799615019419,0.970320085770214
"watersourcetype26",-0.317993563857111,0.24384477595799,-1.30408192100001,334.341886241363,0.193102732582483,0.727607471385178,0.451161764253644,1.17344304052747
"x2_1_responsible8",-0.160995138198795,0.0758060894392271,-2.12377579940808,301.397567456315,0.034503157160449,0.851296209930029,0.733758683498467,0.987661547780165
"x3_1_d_primaryuse3",-26.1788234828139,24.9849608914876,-1.04778324835133,0.0967217276758277,0.832696182529061,0.00000000000427249357889485,2.30703058982834e-33,7912422775.05118
