"term","estimate","std.error","statistic","df","p.value","RR","RR_lcl","RR_ucl"
"(Intercept)",-0.0892862608006359,0.0317965140679106,-2.80805187040125,8.89940085607936,0.0206614072774904,0.914583726628149,0.859325561366502,0.973395219016743
"watersourcetype26",-0.325869827340954,0.242742819492391,-1.34244888488316,339.502042388032,0.180347439749269,0.721899152848009,0.448590087552322,1.16172515029523
"x2_1_responsible8",-0.16501921461472,0.0780349006398304,-2.11468475338189,204.647823731867,0.0356669566424124,0.847877412293589,0.727626348669795,0.988001750612685
"x3_1_d_primaryuse3",-9.94520462483891,20.3218923945422,-0.489383785316661,0.314975695796788,0.799936623438649,0.0000479570554886448,0.000000000000000000000241272865189505,9532274461674.58
