"term","estimate","std.error","statistic","df","p.value","RR","RR_lcl","RR_ucl"
"(Intercept)",-0.135125102327322,0.0273306384727614,-4.94408875453064,261.036692652799,1.37029482250028e-06,0.873606614630865,0.828040548867365,0.921680125654145
"proxprotect",0.0524319610364018,0.0178532470768826,2.9368305278368,27.3945894313668,0.00664728787223345,1.05383085807984,1.01759255441288,1.09135967300984
"watersourcetype26",-0.396388228783256,0.252990716787096,-1.56680938264164,343.785320877961,0.118079216125138,0.672745466078456,0.409732802199616,1.10458928281906
"watersourcetype27",-2.30826117528012,0.992811203344475,-2.32497494740622,146.44245512115,0.0214470480933975,0.0994339996233596,0.0142048597950789,0.696037864768193
"x2_1_responsible6",0.0875839871441947,0.0358828198775679,2.44083345297363,315.935507670978,0.0152022802531324,1.09153393541133,1.01740336432113,1.17106584658245
"x3_1_d_primaryuse3",-1.28755253921248,0.863512556694166,-1.49106406065673,37.118301136752,0.144394889241876,0.275945322655171,0.0507909469292544,1.49920065875772
