"term","estimate","std.error","statistic","df","p.value","RR","RR_lcl","RR_ucl"
"(Intercept)",-0.149957025964911,0.0395861980127603,-3.78811387536065,13.029841591851,0.00224910862696737,0.860744965314613,0.79648580296175,0.930188451017543
"watersourcetype26",-0.392035744166104,0.252295239445549,-1.55387689846092,341.093380322981,0.121141109058049,0.675679961912189,0.412081384692262,1.10789622605884
"x2_1_responsible6",0.100207486251739,0.0430965456216221,2.32518604000279,44.543122244853,0.0246783139327649,1.10540024963772,1.01586275547045,1.20282952132964
"x3_1_d_primaryuse3",-10.1033834214164,20.8906755990828,-0.483631243685579,0.249773207734473,0.820881767923202,0.0000409408006433545,0.0000000000000000000000675544970769563,24811807205217.9
