"term","estimate","std.error","statistic","df","p.value","RR","RR_lcl","RR_ucl"
"(Intercept)",-0.0471157087703475,0.0161880393553426,-2.91052595908089,313.370977890547,0.0038666723793761,0.953977007697454,0.924183840170785,0.984730625724003
"prox_nwsc",-0.020249831230925,0.0164952181544014,-1.22761827345228,313.898780957935,0.220510098351929,0.97995381965297,0.948777980434075,1.0121540639182
"riskofcontamination10",-0.0446300637093774,0.0154475204985501,-2.88914092805808,340.426818073908,0.00411045492383,0.956351205418935,0.927829581312954,0.985749588638904
"tempC_avg_rollmean",0.0269980488198138,0.0125347862668065,2.15384995365318,257.547368668409,0.0321800372078149,1.02736579818574,1.00243282225803,1.05291891870052
"watersourcetype24",-0.152335224658203,0.0528804974049662,-2.88074492740866,252.92331447976,0.00430761081718778,0.858700374947569,0.774156677960777,0.952476875711267
"x3_1_d_primaryuse1",-0.389234454047652,0.262342509623877,-1.48368807863316,49.5962865175251,0.144219369542312,0.677575391096764,0.405179227426559,1.13309957555302
"x3_1_d_primaryuse3",-0.286419975501983,0.197983969297324,-1.44668266081608,25.1505822443695,0.160334973339503,0.750947170296992,0.509427080990296,1.10697227065516
"x4_3_a_authorizedlist1",0.069590240386844,0.0254229426610122,2.73730076469729,320.583139831078,0.00654027658848877,1.0720688007431,1.01995781925677,1.12684220055713
