"term","estimate","std.error","statistic","df","p.value","RR","RR_lcl","RR_ucl"
"(Intercept)",-0.0227912048752249,0.0209375663214912,-1.08853171019361,112.01757754962,0.278696855591327,0.977466552719074,0.938165567024165,1.01841390823492
"prox_nwsc",-0.0174352266181019,0.016615922347105,-1.04930838348192,332.529789010344,0.294798221927119,0.982715887435055,0.951227108813093,1.01524704927961
"riskofcontamination10",-0.0351806673391098,0.0167371419146087,-2.10195190544468,311.288791191942,0.0363606883390419,0.965430978654444,0.934274052692464,0.997626950956846
"watersourcetype24",-0.164216926041884,0.0564539487714194,-2.90886518331595,335.392936160654,0.00386941785073525,0.848557927600963,0.759673407044709,0.947842256708171
"x2_1_responsible8",-0.0769884853019826,0.05368918946281,-1.433966242968,337.793605882307,0.152506917784465,0.925900515009938,0.833418554478009,1.02864492167757
"x3_1_d_primaryuse2",-0.104389378318945,0.0741011024345159,-1.40874258127529,21.7323028855422,0.17305877514596,0.900874448140889,0.779090909946418,1.04169457113672
"x4_3_a_authorizedlist1",0.0330204665374002,0.0246283088183979,1.34075249668516,320.317293604428,0.180950863410558,1.03357169265854,0.984864689072221,1.0846875268433
