"term","estimate","std.error","statistic","df","p.value","RR","RR_lcl","RR_ucl"
"(Intercept)",-0.0160159110496365,0.0134041630606471,-1.19484603232388,34.2045293054399,0.240366676506091,0.984111661681218,0.958593598114903,1.01030902413859
"prox_nwsc",-0.0240012831546921,0.0161428055861658,-1.48680989971538,330.183031321451,0.138019292526902,0.976284457033124,0.945878473130619,1.00766786444546
"riskofcontamination10",-0.048261217291292,0.0156436607822499,-3.08503348180827,334.488101056899,0.00220498341428566,0.952884844566865,0.924111270081493,0.982554326953666
"watersourcetype24",-0.139503161348134,0.0546515290069001,-2.55259393255988,198.105172664241,0.011445768824901,0.869790273490194,0.781437459775709,0.96813265142842
"x3_1_d_primaryuse1",-0.395698394534738,0.254452913025935,-1.55509477108799,28.7233500670085,0.130874226091263,0.673209709048432,0.408842164182153,1.10852390497364
"x3_1_d_primaryuse2",-0.1398902013135,0.0836555273707022,-1.67221707531178,17.8643640768076,0.111904090258568,0.869453695031726,0.737967838233951,1.0243667659195
