"term","estimate","std.error","statistic","df","p.value","RR","RR_lcl","RR_ucl"
"(Intercept)",-0.0161524675633267,0.0193520316366766,-0.834665210691055,112.233138036875,0.405679373083856,0.9839772839989,0.947353994351065,1.02201637529282
"avgprox3funcprotect",-0.0241050837131928,0.0154154629523501,-1.56369508899621,318.770340420449,0.118881362499157,0.976183123420562,0.947129553438268,1.0061279230405
"riskofcontamination10",-0.034278453693224,0.016396454509245,-2.0906015793778,312.120979209115,0.0373724547819978,0.966302396701064,0.935741978473079,0.997860888312261
"watersourcetype24",-0.146566070652804,0.053294462254135,-2.75011820090993,267.555678762328,0.00636364424474056,0.863668667296966,0.778004308679278,0.958765341719997
"x2_1_responsible8",-0.0684226239754272,0.0525321893012805,-1.30248948093544,129.10484203877,0.195067778428582,0.933865716124644,0.842496547231183,1.03514391675446
"x3_1_d_primaryuse1",-0.470735649621452,0.336891802419504,-1.39729030579166,14.8015551932856,0.182921386400152,0.624542654678647,0.322696320453764,1.20873249178848
"x3_1_d_primaryuse2",-0.137336068380241,0.072233653686461,-1.90127539410322,30.1632811646827,0.0668571763776429,0.87167723374609,0.756604946044666,1.00425090240737
"x4_3_a_authorizedlist1",0.0466765857747036,0.0251300620712622,1.85740033758537,229.348377081451,0.0645360730154971,1.04778308632125,0.997424985168121,1.10068367276345
