"term","estimate","std.error","statistic","df","p.value","RR","RR_lcl","RR_ucl"
"(Intercept)",-0.67111776837909,0.112180194385847,-5.98249782016566,328.39386646483,0.00000000574320324631117,0.511136925665835,0.410249015252092,0.636835061306802
"prox_tc",-0.17210153123989,0.0626025987877975,-2.74911161153642,139.045795871249,0.00676971078085775,0.84189369031875,0.744678553992554,0.951799916888181
"proxmarsh",-0.106295497935595,0.0625316080956725,-1.69986829337515,290.996217767689,0.09022424102371,0.899158909213771,0.795441915825279,1.01639947296426
"landcover_un_developedor_developed1",0.243241549312332,0.12297723567413,1.97793964044599,325.443999825128,0.0487786995938886,1.27537665326841,1.00220860276894,1.62300104310434
"topography2",-0.397761738311217,0.145750776547489,-2.72905399019688,323.282364351772,0.00669925477885336,0.671822078057193,0.504880626739164,0.893963603793147
"watersourcetype23",0.208058605878928,0.102276526416977,2.03427524543298,320.752637442577,0.0427462289377087,1.23128532799325,1.00762554157846,1.50459024347132
