"term","estimate","std.error","statistic","df","p.value","RR","RR_lcl","RR_ucl"
"(Intercept)",-0.543528820320544,0.119736843906806,-4.53936150800488,218.933906625551,0.00000930827190392947,0.580695462592607,0.459225899426165,0.73429486598427
"prox_tc",-0.190509009747706,0.0609833733155075,-3.12395001112969,219.39248559459,0.0020251675124292,0.826538310793859,0.733420243511966,0.931479033001112
"proxmarsh",-0.0977909086199908,0.0607993210235095,-1.60842106414606,299.452247577058,0.108796741496784,0.906838496044757,0.804964116908464,1.02160585873945
"landcover_un_developedor_developed1",0.225411949806633,0.12499832180277,1.80331980906354,141.210116270161,0.0734700727966349,1.25283871656847,0.98060577461175,1.60064818132892
"topography2",-0.418303224058205,0.143234425983341,-2.92040981898344,296.510595863583,0.00376399025675589,0.658162627421597,0.497060913020765,0.871478792210732
"watersourcetype23",0.10305746857744,0.107222840166161,0.961152198708165,285.338982337238,0.337289413950412,1.1085551143309,0.898436455484475,1.36781453380197
"x2_2_a_caretaker1",-0.230058202591085,0.115938864920155,-1.98430614918926,262.429596335781,0.048263279972715,0.794487359934696,0.632991441266996,0.99718593956432
