"term","estimate","std.error","statistic","df","p.value","RR","RR_lcl","RR_ucl"
"(Intercept)",-0.533575589070372,0.115162469899915,-4.63324197139999,308.778479199768,5.31521981095295e-06,0.586504118310854,0.467996702011074,0.735020309582122
"prox_tc",-0.178829362436304,0.0609922601275072,-2.93200091392666,185.453428450199,0.00379206854075864,0.836248582643915,0.742023628274377,0.942438576518446
"proxmarsh",-0.0956466306861982,0.0607591190560532,-1.57419383579212,261.098663779671,0.116653545992772,0.908785096101252,0.806755602102748,1.0237181480279
"landcover_un_developedor_developed1",0.227811431296608,0.116077378527098,1.96258249615299,325.763779645019,0.0505454948215758,1.25584848938181,1.00029981431883,1.57668271622801
"topography2",-0.432328122220363,0.146076080220497,-2.95960927735588,197.045517366605,0.00345799088343579,0.648996391607468,0.487416034913942,0.864141280033761
"watersourcetype23",0.102823462645138,0.105511323797962,0.974525377409059,299.97859650765,0.330580926540518,1.10829573620706,0.901244464885678,1.36291482139704
"x2_2_a_caretaker1",-0.214189566019501,0.112128387205546,-1.91021713018011,333.846521354488,0.0569618541274943,0.807195353708209,0.647937391766219,1.00559768170195
