"term","estimate","std.error","statistic","df","p.value","RR","RR_lcl","RR_ucl"
"(Intercept)",-1.54707444593653,0.227580173338085,-6.79793157393485,238.78814171098,0.0000000000842081959717689,0.212869825936489,0.136268021583985,0.332532624070595
"prox_tc",-0.230996382250398,0.110091290329292,-2.09822576844606,336.139455639565,0.0366312249525,0.793742337591075,0.639687622711724,0.98489774714379
"landcover_un_developedor_developed1",0.560609440506389,0.241383941792476,2.32248026253693,245.736485675301,0.0210247084450306,1.75173975621266,1.09143889690469,2.81151073339835
"topography2",-0.362720702605281,0.258044573827214,-1.40565134629864,296.120098557929,0.160876013380049,0.695780736110617,0.41958545488246,1.1537836383729
"watersourcetype23",0.710191444561191,0.178704171587066,3.97411788574381,321.88823244977,0.000087239934449368,2.03438069248703,1.43323090270761,2.88767482904906
"watersourcetype26",0.566869071626718,0.239074500318871,2.37109800865689,302.358663469149,0.0183619243888762,1.76273939181953,1.10327502401739,2.81638766022071
"x4_18_enoughfundsrepair1",-0.467862519108577,0.285352022075489,-1.6395977000815,140.732881070833,0.103322307578966,0.626339627468924,0.358024992925725,1.09573727166946
