"term","estimate","std.error","statistic","df","p.value","RR","RR_lcl","RR_ucl"
"(Intercept)",-0.61604028954821,0.127693459217765,-4.82436840008878,208.806729749217,2.70659346424118e-06,0.540078764676597,0.420496354261505,0.693668492243814
"prox_tc",-0.202308203036236,0.0671807179865594,-3.01140281169235,90.5802753491964,0.00336978268894206,0.816843135608126,0.716066377516433,0.931802873504982
"proxmarsh",-0.0939198136918375,0.0609605415830757,-1.54066567082324,311.738855906183,0.124412602831644,0.910355757381421,0.807830939864165,1.02589237933478
"landcover_un_developedor_developed1",0.196156926258834,0.118269973228574,1.65855221662841,299.672901193295,0.0982523137928926,1.21671782533013,0.964975833203504,1.53413403272647
"topography2",-0.42430126827777,0.147784703403119,-2.87107703643986,208.258990916658,0.00451332819573813,0.65422675444864,0.489701485421987,0.874027665788217
"watersourcetype23",0.195493950030667,0.116930631376409,1.6718797096148,267.435862654681,0.0957175965529089,1.21591143767301,0.966871103683094,1.52909795176651
"watersourcetype24",0.26054946643013,0.124897410934948,2.08610782625299,231.692751835105,0.0380630882545019,1.29764290202674,1.01587523457207,1.65756290130422
"x2_2_a_caretaker1",-0.220996109031405,0.115518625505832,-1.91307772286685,268.210610857471,0.0568028239940905,0.80171979975069,0.639280077284542,1.00543511389015
